nominal,p1,p2,p3,p4,p5,p6,uid,time
0,1,3,2,4,5,6,1,4263
1,1,3,2,5,5,6,2,5867
1,1,2,2,5,5,6,1,4435
1,1,3,2,5,5,6,2,5490
1,1,3,3,5,5,6,1,5352
1,1,2,3,4,5,6,1,6163
0,1,2,2,4,5,6,2,6908
0,1,3,3,4,5,6,2,6661
0,1,3,3,4,5,6,2,6896
0,1,2,2,4,5,6,1,6456
0,1,2,2,5,5,6,1,6556
1,1,2,2,4,5,6,2,5340
1,1,2,3,5,5,6,1,6066
1,1,3,3,5,5,6,2,4365
0,1,2,3,5,5,6,1,6576
0,1,2,2,5,5,6,2,6920
0,1,2,2,4,5,6,2,3803
0,1,3,2,5,5,6,1,3321
0,1,3,2,4,5,6,1,3091
0,1,3,2,4,5,6,1,4328
0,1,3,2,5,5,6,1,3688
0,1,2,2,4,5,6,2,6779
0,1,3,2,5,5,6,2,3712
0,1,3,3,4,5,6,2,3475
1,1,2,3,5,5,6,1,5434
1,1,2,3,5,5,6,1,4473
0,1,2,2,5,5,6,1,3266
1,1,2,2,5,5,6,2,5913
1,1,2,3,4,5,6,2,5717
1,1,2,2,4,5,6,1,5516
0,1,2,2,5,5,6,2,3354
1,1,3,3,5,5,6,2,4521
1,1,3,3,4,5,6,1,4844
0,1,2,3,4,5,6,1,6531
1,1,2,3,5,5,6,2,4827
0,1,3,3,4,5,6,1,3610
1,1,2,2,5,5,6,2,5767
1,1,3,3,5,5,6,2,5218
0,1,3,2,5,5,6,2,3232
1,1,3,2,4,5,6,1,5809
0,1,3,3,5,5,6,2,3688
1,1,2,3,4,5,6,2,4703
1,1,2,2,5,5,6,1,6098
1,1,3,2,5,5,6,2,4993
1,1,3,2,4,5,6,2,5839
1,1,3,3,4,5,6,1,6334
1,1,3,2,5,5,6,1,5707
0,1,3,3,5,5,6,1,6696
0,1,3,3,5,5,6,2,3665
0,1,3,2,5,5,6,2,6745
1,1,3,3,5,5,6,2,5084
1,1,3,2,4,5,6,1,4501
1,1,2,2,5,5,6,2,5129
0,1,2,2,5,5,6,1,4043
0,1,3,2,4,5,6,2,4039
0,1,2,2,5,5,6,1,4245
0,1,2,3,4,5,6,2,3149
0,1,3,3,5,5,6,1,6713
0,1,3,3,4,5,6,1,3757
1,1,3,2,5,5,6,2,6100
0,1,2,3,4,5,6,2,3354
1,1,2,2,4,5,6,1,5244
0,1,2,3,5,5,6,2,3732
1,1,2,3,4,5,6,2,4662
0,1,2,3,4,5,6,1,3406
0,1,3,2,4,5,6,2,3011
1,1,2,2,5,5,6,2,4430
0,1,2,2,5,5,6,1,3357
0,1,3,3,4,5,6,2,3976
0,1,3,2,4,5,6,1,3133
1,1,3,2,5,5,6,2,5886
1,1,2,2,5,5,6,1,5883
1,1,2,3,4,5,6,1,4744
1,1,3,2,5,5,6,2,5943
1,1,2,2,4,5,6,2,6261
0,1,2,3,4,5,6,2,3100
0,1,3,3,4,5,6,2,3077
1,1,2,2,4,5,6,1,4891
0,1,2,3,4,5,6,1,4165
1,1,2,2,5,5,6,1,5782
0,1,2,2,4,5,6,2,3610
0,1,3,2,5,5,6,1,4081
1,1,2,3,5,5,6,2,4812
1,1,3,2,5,5,6,1,5148
1,1,3,2,5,5,6,2,6195
0,1,2,2,4,5,6,1,3574
1,1,2,2,4,5,6,1,5975
0,1,3,3,5,5,6,1,3216
1,1,2,2,4,5,6,1,6226
0,1,2,2,5,5,6,1,3990
1,1,3,3,5,5,6,2,5118
1,1,3,2,5,5,6,1,5054
0,1,3,3,4,5,6,2,6983
0,1,3,2,5,5,6,2,6774
1,1,3,3,4,5,6,1,6060
0,1,2,3,4,5,6,2,3688
1,1,2,3,4,5,6,2,5553
0,1,3,2,5,5,6,1,3511
0,1,3,2,5,5,6,1,4349
0,1,2,3,5,5,6,2,3564
1,1,2,2,5,5,6,2,6384
0,1,3,2,5,5,6,1,6910
1,1,2,3,5,5,6,2,5008
0,1,2,2,4,5,6,1,3633
0,1,2,2,4,5,6,1,4069
0,1,2,2,5,5,6,2,4174
0,1,2,3,5,5,6,1,3840
1,1,3,2,4,5,6,1,5533
0,1,2,2,4,5,6,2,3043
0,1,2,3,4,5,6,2,3264
1,1,3,2,5,5,6,2,5082
1,1,3,2,5,5,6,1,5485
0,1,2,2,5,5,6,1,3561
0,1,2,3,5,5,6,1,6907
0,1,3,2,5,5,6,2,6519
1,1,3,3,4,5,6,1,5147
0,1,3,3,5,5,6,1,6466
1,1,2,2,4,5,6,1,4586
0,1,3,3,4,5,6,2,3942
1,1,2,3,4,5,6,2,5044
0,1,3,2,4,5,6,2,3291
0,1,3,2,4,5,6,1,3701
0,1,2,2,4,5,6,2,4001
0,1,2,2,4,5,6,2,3287
0,1,3,2,4,5,6,2,3173
0,1,2,2,5,5,6,1,4125
1,1,3,2,5,5,6,2,4836
0,1,2,2,4,5,6,1,3028
1,1,3,2,4,5,6,2,5093
0,1,2,2,5,5,6,2,6738
1,1,3,2,4,5,6,2,6409
1,1,2,2,4,5,6,2,5915
1,1,2,2,4,5,6,1,5717
1,1,2,3,4,5,6,1,4375
0,1,2,2,4,5,6,2,3131
1,1,2,2,5,5,6,2,5883
1,1,2,2,4,5,6,1,4428
1,1,3,2,4,5,6,1,5576
0,1,3,3,5,5,6,1,6576
0,1,3,2,4,5,6,1,3381
0,1,3,3,5,5,6,1,3163
1,1,2,2,4,5,6,1,4626
1,1,3,3,4,5,6,1,5811
1,1,2,3,4,5,6,2,6300
0,1,3,3,4,5,6,1,6681
0,1,3,2,5,5,6,1,3697
0,1,2,2,4,5,6,1,6872
0,1,2,3,5,5,6,2,3282
0,1,3,3,4,5,6,1,4341
1,1,2,2,4,5,6,1,5232
1,1,3,2,5,5,6,2,4680
1,1,2,3,4,5,6,2,4693
0,1,2,3,5,5,6,2,4316
1,1,3,3,4,5,6,1,5672
1,1,2,2,4,5,6,1,6157
1,1,2,2,5,5,6,1,6166
0,1,2,2,4,5,6,1,4184
1,1,2,3,5,5,6,1,6413
0,1,2,3,5,5,6,2,6828
0,1,2,2,4,5,6,2,3129
1,1,2,3,5,5,6,2,4360
0,1,2,2,4,5,6,1,3438
0,1,3,3,4,5,6,1,3330
0,1,2,3,4,5,6,2,3706
0,1,2,2,5,5,6,2,4046
0,1,3,2,5,5,6,2,4160
1,1,3,3,4,5,6,2,6002
1,1,2,3,4,5,6,1,5028
1,1,2,2,5,5,6,2,5389
0,1,2,2,4,5,6,2,3515
1,1,2,2,5,5,6,1,4420
1,1,2,3,5,5,6,1,6358
0,1,2,3,4,5,6,1,3819
0,1,3,3,4,5,6,2,3866
0,1,2,3,5,5,6,2,3079
0,1,2,2,4,5,6,2,3892
1,1,2,2,5,5,6,2,5517
0,1,3,3,4,5,6,2,6942
0,1,2,3,5,5,6,2,3531
1,1,2,2,5,5,6,1,4809
1,1,3,2,4,5,6,1,5246
1,1,2,2,4,5,6,2,6093
0,1,3,2,4,5,6,1,3610
1,1,3,3,4,5,6,1,5704
0,1,2,3,5,5,6,1,3490
0,1,3,2,4,5,6,1,3358
1,1,3,3,5,5,6,1,4941
0,1,2,3,4,5,6,2,3435
0,1,3,3,4,5,6,1,6535
1,1,2,3,5,5,6,1,4997
0,1,2,3,5,5,6,1,6476
1,1,2,2,4,5,6,2,4686
1,1,3,2,4,5,6,1,6157
1,1,2,3,4,5,6,1,5735
1,1,2,2,4,5,6,1,4679
1,1,2,2,5,5,6,2,5681
1,1,3,2,4,5,6,2,5709
1,1,2,3,4,5,6,1,4504
1,1,3,2,4,5,6,2,4800
1,1,2,2,5,5,6,1,5001
1,1,2,3,4,5,6,1,6395
0,1,2,3,4,5,6,2,6812
0,1,3,2,5,5,6,2,6451
0,1,2,2,5,5,6,1,3376
1,1,3,2,5,5,6,1,5206
0,1,2,2,5,5,6,2,4002
1,1,3,2,5,5,6,1,5148
1,1,2,3,5,5,6,2,4646
0,1,3,3,5,5,6,1,3968
1,1,3,3,4,5,6,1,4987
1,1,3,3,4,5,6,2,4711
1,1,3,3,4,5,6,1,5330
1,1,2,3,4,5,6,1,4367
0,1,3,3,4,5,6,1,3343
1,1,2,3,4,5,6,2,4408
1,1,2,2,5,5,6,1,6039
0,1,3,3,5,5,6,2,3559
0,1,2,2,5,5,6,2,6667
1,1,2,2,5,5,6,1,6175
1,1,2,3,5,5,6,1,4986
0,1,3,3,5,5,6,2,3898
0,1,3,2,4,5,6,2,3312
0,1,2,3,4,5,6,1,3708
0,1,3,2,5,5,6,2,6730
1,1,3,3,4,5,6,1,5625
0,1,3,2,5,5,6,1,3227
1,1,3,3,5,5,6,2,4809
0,1,3,2,4,5,6,2,3520
1,1,2,3,4,5,6,2,4410
0,1,2,2,4,5,6,1,3270
0,1,2,3,4,5,6,1,3927
0,1,3,2,4,5,6,2,4157
0,1,3,3,4,5,6,2,4189
0,1,3,3,4,5,6,2,3981
1,1,3,3,5,5,6,1,4724
1,1,3,2,4,5,6,2,5833
1,1,3,3,4,5,6,2,6272
0,1,3,3,4,5,6,1,3600
1,1,3,3,5,5,6,2,5772
0,1,2,3,5,5,6,1,3886
1,1,3,2,5,5,6,2,5033
1,1,2,3,5,5,6,2,5037
0,1,2,2,5,5,6,1,3982
0,1,2,2,5,5,6,2,3505
0,1,2,3,4,5,6,1,4199
1,1,2,3,4,5,6,1,5237
1,1,2,2,4,5,6,1,4541
0,1,2,2,5,5,6,1,6591
0,1,3,3,4,5,6,2,3696
0,1,2,3,5,5,6,2,6743
0,1,3,3,4,5,6,2,4285
0,1,2,3,5,5,6,2,3457
0,1,2,3,5,5,6,2,3712
0,1,3,3,5,5,6,1,3911
1,1,3,3,4,5,6,1,5102
1,1,3,3,4,5,6,2,4967
0,1,2,3,4,5,6,1,3467
1,1,2,3,4,5,6,2,5522
1,1,2,3,5,5,6,2,5248
1,1,2,3,5,5,6,2,5117
1,1,3,2,4,5,6,1,5368
1,1,2,3,5,5,6,2,4674
1,1,2,3,4,5,6,1,4767
1,1,3,2,5,5,6,1,5060
0,1,3,3,5,5,6,2,3797
1,1,2,3,5,5,6,1,6069
0,1,3,3,4,5,6,2,3207
1,1,3,3,4,5,6,2,5642
1,1,2,2,5,5,6,1,4373
1,1,2,3,4,5,6,2,4741
0,1,3,3,4,5,6,1,6758
0,1,2,2,4,5,6,1,3337
1,1,2,2,4,5,6,2,6261
1,1,2,3,4,5,6,1,5448
1,1,2,2,5,5,6,1,4908
0,1,3,3,4,5,6,1,6838
0,1,3,2,5,5,6,2,4341
1,1,3,3,4,5,6,2,4546
0,1,3,2,5,5,6,1,6713
1,1,3,3,5,5,6,2,4865
0,1,3,2,5,5,6,1,3395
0,1,2,3,5,5,6,1,3885
0,1,2,3,5,5,6,2,3765
1,1,2,2,4,5,6,2,5408
1,1,2,3,5,5,6,2,5764
0,1,3,3,4,5,6,1,3494
1,1,2,3,4,5,6,2,5502
0,1,2,2,5,5,6,1,3009
1,1,2,2,5,5,6,1,5007
1,1,2,3,4,5,6,2,5382
0,1,3,2,4,5,6,2,6503
0,1,3,3,5,5,6,2,3152
1,1,2,2,5,5,6,1,5280
1,1,2,3,4,5,6,1,4919
0,1,3,3,4,5,6,2,6519
0,1,3,2,5,5,6,2,3531
1,1,2,3,5,5,6,1,4777
1,1,2,3,4,5,6,1,5364
0,1,2,3,4,5,6,2,4190
1,1,2,2,5,5,6,2,6224
0,1,3,2,5,5,6,1,4262
0,1,2,2,4,5,6,2,3615
1,1,3,2,4,5,6,2,6234
1,1,3,2,5,5,6,1,5860
0,1,2,3,4,5,6,2,4029
0,1,2,2,5,5,6,1,3677
1,1,3,3,5,5,6,2,4794
0,1,2,2,4,5,6,2,3072
1,1,2,3,5,5,6,2,6103
0,1,3,3,5,5,6,1,6933
1,1,2,3,4,5,6,2,5348
0,1,3,2,4,5,6,2,3892
1,1,2,2,5,5,6,1,5087
1,1,2,2,5,5,6,2,6276
1,1,3,2,5,5,6,1,6226
1,1,2,3,5,5,6,2,5274
1,1,3,3,4,5,6,2,5785
0,1,3,3,5,5,6,2,6987
1,1,2,3,4,5,6,1,4354
0,1,2,2,4,5,6,1,3927
1,1,3,2,4,5,6,2,6250
0,1,3,2,4,5,6,1,3902
0,1,2,2,5,5,6,1,6729
1,1,3,2,4,5,6,1,5517
1,1,2,2,4,5,6,1,6416
1,1,3,2,5,5,6,1,4896
0,1,3,2,5,5,6,1,6469
1,1,3,3,4,5,6,2,5962
0,1,2,2,5,5,6,1,3376
1,1,3,3,4,5,6,1,5059
1,1,3,3,4,5,6,1,6203
1,1,2,2,5,5,6,2,5579
0,1,3,2,4,5,6,2,4307
1,1,3,2,4,5,6,1,5483
1,1,3,3,5,5,6,2,5395
0,1,3,2,5,5,6,1,4096
0,1,2,2,4,5,6,1,3170
1,1,2,2,5,5,6,2,4994
0,1,2,3,5,5,6,2,4047
1,1,2,3,5,5,6,1,6374
1,1,2,3,4,5,6,2,5445
0,1,3,2,4,5,6,1,4227
0,1,2,3,5,5,6,2,4275
1,1,3,2,4,5,6,1,5657
0,1,2,3,5,5,6,1,3656
1,1,3,3,5,5,6,2,4766
0,1,2,2,4,5,6,1,3061
0,1,2,2,5,5,6,2,6594
1,1,3,2,5,5,6,1,5898
1,1,3,3,5,5,6,2,4917
0,1,3,2,5,5,6,2,6598
0,1,3,2,4,5,6,1,6758
0,1,2,2,4,5,6,2,3967
1,1,3,2,4,5,6,1,5337
0,1,2,2,5,5,6,2,3549
1,1,2,2,5,5,6,2,6438
0,1,3,3,5,5,6,1,4054
0,1,2,3,4,5,6,2,3217
1,1,2,2,4,5,6,1,5382
0,1,3,3,5,5,6,2,3774
1,1,3,2,4,5,6,1,5452
1,1,2,2,5,5,6,1,4491
0,1,2,3,5,5,6,2,6590
1,1,2,2,4,5,6,1,5039
1,1,3,3,5,5,6,2,5598
0,1,2,2,4,5,6,2,6759
1,1,2,3,4,5,6,2,5059
0,1,3,3,5,5,6,2,4273
1,1,2,2,5,5,6,2,5215
0,1,3,3,4,5,6,2,6468
1,1,3,2,5,5,6,1,6051
0,1,3,3,4,5,6,1,4263
1,1,3,3,4,5,6,2,6249
0,1,3,3,4,5,6,2,4290
1,1,2,3,4,5,6,2,4853
1,1,2,3,5,5,6,2,4395
0,1,3,2,5,5,6,1,3472
0,1,2,2,4,5,6,2,6998
0,1,2,2,4,5,6,2,6798
1,1,2,3,5,5,6,1,6095
1,1,3,2,4,5,6,1,4433
1,1,3,3,4,5,6,2,5422
1,1,3,2,4,5,6,1,5333
0,1,3,2,4,5,6,2,6784
0,1,3,2,5,5,6,2,6732
0,1,3,2,5,5,6,1,6694
1,1,2,3,5,5,6,1,4413
0,1,3,3,4,5,6,1,3831
0,1,3,3,5,5,6,1,6522
0,1,2,2,4,5,6,1,3537
0,1,2,3,5,5,6,1,6885
0,1,3,3,5,5,6,2,3191
1,1,2,2,4,5,6,2,4811
1,1,3,3,5,5,6,1,5025
1,1,2,3,5,5,6,2,4848
1,1,3,3,5,5,6,1,6080
0,1,2,3,5,5,6,1,3869
1,1,2,2,4,5,6,2,6244
1,1,3,3,4,5,6,1,6293
0,1,2,2,4,5,6,2,4185
1,1,3,3,4,5,6,1,6187
1,1,2,3,4,5,6,1,5272
1,1,2,3,5,5,6,2,6000
0,1,2,2,4,5,6,2,4026
0,1,2,3,4,5,6,1,6582
1,1,3,2,4,5,6,1,5459
0,1,2,2,4,5,6,2,6525
1,1,3,3,5,5,6,2,6206
1,1,3,2,4,5,6,2,4828
0,1,3,3,5,5,6,1,6675
0,1,2,2,5,5,6,2,3109
0,1,3,3,5,5,6,2,3764
1,1,3,3,4,5,6,1,6027
0,1,2,3,5,5,6,2,4283
0,1,3,2,5,5,6,1,6863
1,1,2,2,5,5,6,2,5962
0,1,3,2,4,5,6,2,3515
0,1,2,2,5,5,6,1,3554
1,1,3,2,4,5,6,1,4769
0,1,3,2,5,5,6,1,3186
0,1,2,2,5,5,6,1,3962
1,1,2,3,5,5,6,1,5330
0,1,2,2,4,5,6,1,3722
0,1,2,3,5,5,6,2,4061
1,1,3,3,4,5,6,1,6347
0,1,3,3,4,5,6,2,3027
0,1,2,3,5,5,6,2,3686
0,1,2,3,4,5,6,2,6495
0,1,2,3,5,5,6,1,3779
1,1,2,2,4,5,6,2,6410
0,1,3,2,5,5,6,1,6722
0,1,2,3,5,5,6,2,3806
0,1,2,2,4,5,6,1,3430
1,1,3,2,4,5,6,2,5948
1,1,2,3,5,5,6,1,5168
1,1,3,2,5,5,6,1,5903
0,1,2,3,4,5,6,2,4280
1,1,2,3,5,5,6,1,5154
1,1,2,2,4,5,6,2,5242
1,1,2,3,5,5,6,1,5573
1,1,3,2,5,5,6,1,5338
0,1,2,2,5,5,6,1,6886
1,1,3,3,5,5,6,2,4361
0,1,2,2,5,5,6,1,3459
0,1,2,3,5,5,6,1,3989
1,1,3,2,5,5,6,2,4849
1,1,3,3,5,5,6,2,6385
0,1,3,2,5,5,6,1,6732
0,1,2,3,5,5,6,2,6804
0,1,3,2,5,5,6,2,6668
1,1,3,2,5,5,6,1,5669
0,1,3,3,5,5,6,1,3111
0,1,2,2,4,5,6,1,6845
1,1,3,2,5,5,6,2,5584
1,1,2,3,5,5,6,2,4438
1,1,3,2,4,5,6,2,4908
0,1,3,3,4,5,6,2,3696
1,1,2,3,5,5,6,1,5411
0,1,3,2,5,5,6,1,4228
1,1,3,3,5,5,6,1,6076
0,1,2,3,5,5,6,2,3260
0,1,3,2,4,5,6,1,6555
1,1,3,2,5,5,6,1,5683
1,1,2,3,5,5,6,1,5715
0,1,2,2,5,5,6,2,3690
1,1,3,3,4,5,6,1,5108
0,1,3,2,5,5,6,2,4179
0,1,3,3,4,5,6,1,3733
1,1,2,2,5,5,6,1,4431
1,1,2,3,5,5,6,1,5802
1,1,2,2,4,5,6,1,5943
1,1,2,2,4,5,6,2,5252
1,1,2,2,5,5,6,1,6297
1,1,3,3,5,5,6,2,6272
1,1,2,2,4,5,6,1,5279
1,1,3,3,4,5,6,1,5425
0,1,2,3,4,5,6,2,4161
0,1,2,3,5,5,6,1,3670
1,1,3,2,4,5,6,1,5336
0,1,3,3,4,5,6,1,4059
1,1,2,2,5,5,6,1,5966
0,1,2,2,5,5,6,1,6742
0,1,3,3,4,5,6,1,3668
1,1,3,2,5,5,6,1,6058
1,1,2,2,5,5,6,2,5736
1,1,3,3,5,5,6,2,4384
0,1,2,3,4,5,6,2,6598
1,1,2,2,5,5,6,1,4788
1,1,3,2,5,5,6,1,5468
0,1,2,2,5,5,6,1,4151
0,1,3,2,5,5,6,2,3540
1,1,2,3,5,5,6,2,5788
0,1,2,3,5,5,6,1,6706
0,1,3,2,5,5,6,1,6865
1,1,2,3,4,5,6,2,4837
1,1,2,2,4,5,6,2,5053
1,1,2,3,4,5,6,1,4741
1,1,2,2,4,5,6,1,5960
1,1,3,3,5,5,6,1,4631
0,1,3,2,4,5,6,1,6966
1,1,3,2,5,5,6,2,4501
1,1,3,2,5,5,6,2,5282
0,1,3,3,4,5,6,1,6822
0,1,2,2,4,5,6,2,4223
1,1,2,2,4,5,6,2,4575
1,1,3,3,5,5,6,2,4759
0,1,3,3,4,5,6,1,6598
0,1,3,3,4,5,6,2,3276
0,1,2,3,5,5,6,1,6517
0,1,3,3,4,5,6,2,6893
0,1,2,2,5,5,6,1,3934
1,1,2,2,5,5,6,2,4579
1,1,3,3,4,5,6,1,6386
1,1,3,3,5,5,6,1,5208
0,1,3,3,5,5,6,1,6678
0,1,2,3,5,5,6,1,3734
1,1,2,2,5,5,6,1,5922
1,1,2,2,5,5,6,2,5113
1,1,2,2,5,5,6,2,5884
0,1,2,3,4,5,6,1,6838
0,1,3,2,4,5,6,1,6635
1,1,3,2,5,5,6,2,5818
0,1,3,3,5,5,6,1,3384
0,1,2,3,5,5,6,1,3626
1,1,3,2,5,5,6,1,5386
1,1,2,2,4,5,6,2,5439
0,1,2,3,4,5,6,1,4220
1,1,3,3,4,5,6,1,4851
1,1,2,3,5,5,6,1,5056
0,1,2,2,5,5,6,1,6686
1,1,2,3,4,5,6,2,4385
1,1,2,3,5,5,6,2,4943
1,1,3,2,4,5,6,1,5905
0,1,2,2,4,5,6,2,3249
0,1,2,3,4,5,6,1,4349
1,1,3,3,4,5,6,1,5521
1,1,2,2,4,5,6,2,5607
1,1,2,3,5,5,6,1,5826
0,1,2,3,5,5,6,2,3807
1,1,3,2,5,5,6,1,6293
0,1,2,3,5,5,6,1,4250
1,1,3,2,5,5,6,1,6192
0,1,2,3,5,5,6,1,6895
0,1,2,3,5,5,6,1,6901
0,1,3,2,4,5,6,1,4264
0,1,3,3,5,5,6,2,6606
1,1,3,2,4,5,6,2,6097
1,1,2,2,5,5,6,1,5215
1,1,2,2,5,5,6,1,6055
1,1,2,2,4,5,6,2,5584
1,1,2,3,5,5,6,1,5319
1,1,2,2,5,5,6,2,5472
0,1,3,2,5,5,6,2,3052
0,1,2,3,4,5,6,1,6637
0,1,2,2,5,5,6,2,3106
1,1,2,2,5,5,6,2,5467
0,1,3,2,4,5,6,2,3825
0,1,2,3,4,5,6,2,3974
1,1,2,3,4,5,6,2,4971
1,1,2,2,5,5,6,1,4893
1,1,2,2,5,5,6,1,6226
1,1,3,2,5,5,6,1,6125
0,1,3,3,5,5,6,2,4349
1,1,3,3,5,5,6,1,5172
1,1,3,3,5,5,6,1,6353
0,1,3,2,5,5,6,1,3978
0,1,3,3,4,5,6,2,6666
0,1,2,3,4,5,6,2,3784
0,1,2,2,4,5,6,2,4136
0,1,2,2,5,5,6,1,4136
0,1,2,3,4,5,6,2,4333
1,1,3,2,5,5,6,1,5064
1,1,2,2,5,5,6,2,5526
1,1,2,2,5,5,6,1,5740
0,1,2,2,5,5,6,1,6701
0,1,3,3,4,5,6,1,3403
1,1,3,3,4,5,6,2,6418
1,1,3,2,5,5,6,1,5460
1,1,2,3,4,5,6,2,6033
1,1,3,2,4,5,6,1,5616
0,1,2,3,4,5,6,1,3998
1,1,3,2,4,5,6,2,6222
1,1,2,3,4,5,6,2,5733
0,1,3,2,5,5,6,1,3810
1,1,3,2,5,5,6,2,6267
0,1,3,3,5,5,6,1,3688
1,1,2,2,4,5,6,1,4387
0,1,3,3,4,5,6,2,4303
1,1,2,2,5,5,6,1,5396
0,1,3,3,5,5,6,2,3497
1,1,2,2,4,5,6,1,6146
0,1,2,3,4,5,6,2,3807
1,1,3,2,5,5,6,1,5615
0,1,2,2,4,5,6,1,3624
1,1,2,2,5,5,6,1,5893
0,1,3,3,4,5,6,1,3940
0,1,2,2,4,5,6,2,3073
1,1,2,3,4,5,6,2,6012
1,1,2,2,5,5,6,2,5922
0,1,3,2,4,5,6,2,6592
0,1,2,2,5,5,6,2,3475
0,1,2,2,5,5,6,1,3001
1,1,3,3,4,5,6,2,5627
1,1,2,3,4,5,6,2,4657
0,1,3,2,5,5,6,2,6948
0,1,3,3,4,5,6,1,3681
0,1,2,2,4,5,6,1,4045
0,1,3,2,5,5,6,1,4335
0,1,2,2,5,5,6,1,6514
0,1,2,2,4,5,6,1,6777
0,1,3,3,4,5,6,2,3073
0,1,2,3,5,5,6,2,3298
0,1,2,2,5,5,6,1,6589
1,1,3,3,5,5,6,1,4686
0,1,2,2,4,5,6,1,6829
1,1,2,2,4,5,6,2,6290
1,1,2,3,4,5,6,2,5170
1,1,3,2,4,5,6,2,4366
0,1,2,2,5,5,6,2,3536
1,1,3,2,4,5,6,1,5083
1,1,2,3,5,5,6,2,6113
0,1,3,3,5,5,6,2,6534
0,1,3,3,4,5,6,2,3765
0,1,3,3,4,5,6,1,3631
0,1,2,2,5,5,6,2,4013
1,1,2,2,4,5,6,2,6288
0,1,2,3,5,5,6,2,3015
0,1,3,3,4,5,6,1,3128
1,1,3,3,5,5,6,2,6280
1,1,3,2,4,5,6,1,6013
1,1,2,2,5,5,6,2,5870
1,1,3,3,5,5,6,2,6038
1,1,3,2,4,5,6,2,6296
1,1,2,3,5,5,6,1,4761
1,1,2,2,5,5,6,2,6123
0,1,2,3,4,5,6,1,4142
1,1,3,3,4,5,6,1,5432
0,1,2,3,4,5,6,2,3542
0,1,2,2,5,5,6,2,6789
0,1,3,2,4,5,6,1,4256
1,1,3,3,5,5,6,1,4993
1,1,3,2,5,5,6,2,5932
0,1,3,3,4,5,6,1,3678
1,1,3,2,4,5,6,1,5279
0,1,3,2,4,5,6,1,6944
0,1,2,2,5,5,6,1,6880
1,1,3,3,4,5,6,1,5019
0,1,3,3,5,5,6,1,6910
1,1,2,2,5,5,6,2,4878
1,1,3,3,4,5,6,2,4914
1,1,3,3,4,5,6,2,5856
1,1,3,2,4,5,6,2,4948
1,1,3,2,4,5,6,2,5406
1,1,2,3,4,5,6,1,5828
1,1,2,3,5,5,6,2,4701
0,1,3,2,5,5,6,1,3337
1,1,2,2,5,5,6,2,5350
0,1,2,2,5,5,6,2,6727
0,1,3,2,4,5,6,1,6944
1,1,2,2,5,5,6,1,5282
0,1,2,2,4,5,6,1,6996
1,1,3,3,4,5,6,2,5100
1,1,2,3,5,5,6,1,5817
1,1,3,2,5,5,6,2,5275
0,1,3,3,4,5,6,2,3404
1,1,2,3,5,5,6,1,6434
1,1,3,2,5,5,6,2,5093
0,1,3,2,5,5,6,2,3490
1,1,2,2,4,5,6,2,5051
1,1,3,3,4,5,6,1,4515
1,1,3,2,5,5,6,1,6023
0,1,3,2,5,5,6,1,3995
1,1,2,2,5,5,6,1,5714
0,1,2,2,4,5,6,1,4305
0,1,2,3,4,5,6,1,3528
0,1,3,2,4,5,6,1,4316
0,1,2,3,5,5,6,1,6514
0,1,2,3,4,5,6,2,4008
1,1,2,2,5,5,6,2,4673
1,1,2,2,5,5,6,1,5583
1,1,2,3,4,5,6,2,6143
0,1,3,3,5,5,6,1,3597
0,1,2,2,4,5,6,1,4324
0,1,2,2,5,5,6,1,4285
1,1,3,3,4,5,6,2,6030
0,1,3,3,4,5,6,1,3864
1,1,3,2,4,5,6,1,5079
1,1,3,3,5,5,6,2,6098
1,1,3,2,4,5,6,1,4897
1,1,2,3,5,5,6,2,5707
1,1,2,2,4,5,6,1,4698
0,1,2,3,4,5,6,2,3244
0,1,2,3,5,5,6,2,6645
0,1,3,2,5,5,6,1,3254
0,1,3,3,5,5,6,2,3149
1,1,2,2,5,5,6,1,4892
1,1,2,3,5,5,6,1,5331
1,1,3,2,5,5,6,1,4375
1,1,2,2,5,5,6,2,6275
0,1,2,2,5,5,6,2,3502
1,1,2,2,5,5,6,1,5232
0,1,3,3,5,5,6,2,3568
1,1,3,3,5,5,6,1,4803
1,1,2,2,5,5,6,1,5589
1,1,2,2,4,5,6,1,5803
1,1,2,3,4,5,6,2,6287
1,1,2,2,4,5,6,2,5145
1,1,2,2,5,5,6,2,5009
1,1,3,3,5,5,6,2,5498
1,1,2,2,4,5,6,2,6089
1,1,2,3,4,5,6,1,6188
0,1,2,3,5,5,6,1,6804
1,1,3,3,4,5,6,1,5497
0,1,2,3,5,5,6,1,6867
1,1,2,2,4,5,6,2,4373
1,1,3,3,4,5,6,1,6446
0,1,2,2,4,5,6,1,3134
1,1,2,3,4,5,6,1,5491
0,1,3,2,4,5,6,1,3255
1,1,3,3,4,5,6,1,5611
0,1,3,2,5,5,6,1,4228
1,1,2,2,5,5,6,1,5146
1,1,3,3,5,5,6,1,4665
0,1,2,2,4,5,6,1,4154
1,1,3,2,4,5,6,1,4708
1,1,2,2,5,5,6,2,5597
0,1,2,3,4,5,6,1,4109
1,1,2,2,5,5,6,1,6154
1,1,3,3,4,5,6,2,5532
1,1,2,2,4,5,6,1,5548
0,1,2,2,5,5,6,1,3422
1,1,3,2,4,5,6,2,6040
1,1,2,3,4,5,6,2,5204
0,1,3,3,4,5,6,1,3228
0,1,2,2,4,5,6,2,6644
1,1,3,2,4,5,6,1,5380
0,1,2,2,5,5,6,1,3339
0,1,2,2,5,5,6,1,3284
1,1,3,3,5,5,6,2,5801
1,1,3,2,4,5,6,2,5395
0,1,2,3,4,5,6,2,6652
0,1,2,2,5,5,6,2,3768
1,1,3,2,5,5,6,1,4905
1,1,2,2,4,5,6,2,5278
0,1,3,2,5,5,6,2,6570
0,1,2,3,5,5,6,1,4294
0,1,2,2,5,5,6,1,3922
1,1,3,2,4,5,6,1,6372
0,1,2,3,4,5,6,2,4258
1,1,2,3,5,5,6,2,4666
0,1,3,2,4,5,6,1,6536
0,1,2,2,4,5,6,2,6528
0,1,2,3,5,5,6,2,6484
0,1,3,3,5,5,6,2,3207
0,1,2,3,5,5,6,1,3507
0,1,2,3,5,5,6,2,3273
1,1,3,2,4,5,6,1,5265
0,1,2,3,5,5,6,1,3069
0,1,2,3,4,5,6,1,6528
1,1,3,3,4,5,6,2,4376
0,1,2,2,5,5,6,2,4349
1,1,3,2,4,5,6,1,5929
1,1,2,3,4,5,6,1,6014
1,1,3,3,4,5,6,1,6218
1,1,2,2,5,5,6,2,5884
1,1,2,3,4,5,6,1,5639
0,1,2,2,4,5,6,2,3197
1,1,2,3,4,5,6,2,5539
0,1,2,3,5,5,6,2,4195
0,1,3,3,4,5,6,2,3958
0,1,3,2,5,5,6,1,3468
0,1,2,2,5,5,6,1,3824
0,1,2,3,4,5,6,2,3272
0,1,3,2,4,5,6,1,3012
1,1,3,2,5,5,6,2,4546
0,1,2,3,5,5,6,1,6959
1,1,3,3,5,5,6,2,4855
0,1,2,2,5,5,6,1,4215
1,1,3,3,4,5,6,1,6371
0,1,3,2,4,5,6,1,3888
0,1,2,3,4,5,6,2,3613
1,1,3,2,5,5,6,1,5816
0,1,2,3,4,5,6,1,4049
1,1,2,2,4,5,6,2,5673
1,1,3,2,5,5,6,2,5206
1,1,3,2,4,5,6,1,6000
1,1,3,3,4,5,6,1,5196
1,1,2,3,5,5,6,1,5026
0,1,2,3,4,5,6,2,4238
1,1,2,3,4,5,6,2,6433
1,1,2,2,4,5,6,2,5885
1,1,3,3,4,5,6,2,5849
0,1,2,3,4,5,6,1,4289
0,1,3,2,5,5,6,2,3619
0,1,2,3,4,5,6,1,4278
0,1,2,2,5,5,6,2,4036
1,1,2,2,4,5,6,1,6196
1,1,2,2,5,5,6,1,5299
1,1,3,2,5,5,6,2,6392
1,1,3,2,5,5,6,2,4837
0,1,3,3,5,5,6,2,6579
1,1,2,3,4,5,6,1,5918
1,1,3,3,5,5,6,1,6365
1,1,2,2,4,5,6,2,4387
1,1,2,3,5,5,6,2,6106
1,1,2,3,5,5,6,1,4557
1,1,3,2,5,5,6,1,5727
0,1,2,2,4,5,6,2,6648
0,1,2,2,4,5,6,1,6760
1,1,2,2,5,5,6,1,4601
0,1,2,3,5,5,6,1,6712
1,1,3,2,4,5,6,1,6052
1,1,2,3,5,5,6,2,5176
1,1,2,3,5,5,6,2,4895
1,1,2,2,4,5,6,2,5558
1,1,3,3,4,5,6,1,4641
1,1,3,2,4,5,6,2,5580
0,1,3,3,4,5,6,1,3419
0,1,3,3,4,5,6,1,6922
1,1,2,3,5,5,6,1,4356
1,1,2,3,5,5,6,1,6262
1,1,2,3,5,5,6,2,4450
1,1,3,3,5,5,6,1,4489
0,1,3,2,5,5,6,1,6982
1,1,3,2,5,5,6,1,5213
1,1,3,3,4,5,6,1,5557
1,1,3,3,5,5,6,1,4532
1,1,2,3,5,5,6,1,4941
1,1,2,3,4,5,6,1,5312
0,1,2,2,5,5,6,1,6803
0,1,2,2,5,5,6,1,6876
0,1,2,2,5,5,6,2,3668
1,1,3,2,5,5,6,1,5451
0,1,3,3,4,5,6,2,3793
1,1,3,3,5,5,6,1,5404
1,1,3,3,5,5,6,1,6313
0,1,3,2,4,5,6,1,4329
0,1,3,2,4,5,6,1,3138
1,1,2,3,5,5,6,1,5638
0,1,2,2,4,5,6,1,3367
0,1,2,3,4,5,6,1,4210
1,1,2,3,4,5,6,1,6405
1,1,3,3,4,5,6,1,6336
0,1,2,3,4,5,6,2,6451
0,1,2,3,4,5,6,1,6626
0,1,2,2,5,5,6,1,3551
1,1,2,2,5,5,6,2,5402
1,1,2,3,5,5,6,1,6050
1,1,3,2,5,5,6,1,4876
1,1,3,2,4,5,6,2,5613
0,1,3,3,5,5,6,1,4079
1,1,2,2,4,5,6,2,5938
0,1,3,3,5,5,6,2,6549
0,1,3,3,4,5,6,2,3620
1,1,2,2,4,5,6,1,4844
0,1,2,3,4,5,6,2,3465
0,1,2,3,5,5,6,2,6534
1,1,2,2,5,5,6,1,5634
1,1,2,2,5,5,6,1,5637
0,1,2,2,5,5,6,2,6535
0,1,3,2,5,5,6,1,6632
0,1,2,3,5,5,6,1,6597
1,1,3,3,5,5,6,2,6351
0,1,2,2,5,5,6,2,6746
0,1,2,2,4,5,6,2,3515
0,1,2,2,4,5,6,2,3611
0,1,2,3,5,5,6,2,3899
0,1,2,3,4,5,6,2,4054
1,1,2,3,5,5,6,2,5518
1,1,3,2,5,5,6,1,5797
1,1,3,3,5,5,6,1,5742
0,1,2,3,5,5,6,2,3390
0,1,3,3,5,5,6,2,6885
0,1,3,3,4,5,6,2,3731
1,1,2,3,4,5,6,1,5961
0,1,2,3,5,5,6,1,6963
1,1,2,3,4,5,6,1,6399
1,1,2,3,5,5,6,2,4829
1,1,3,2,5,5,6,1,4581
1,1,3,2,4,5,6,1,6036
1,1,2,3,4,5,6,2,5985
0,1,2,2,5,5,6,2,4031
0,1,2,3,4,5,6,2,6644
0,1,3,3,4,5,6,2,3010
0,1,3,3,5,5,6,1,6893
0,1,3,2,4,5,6,2,6857
0,1,2,3,4,5,6,1,3844
0,1,2,3,4,5,6,1,3987
1,1,3,3,5,5,6,1,5468
1,1,2,3,5,5,6,2,5763
1,1,2,2,5,5,6,1,4377
1,1,2,3,4,5,6,2,4721
1,1,2,3,4,5,6,1,6142
0,1,3,3,4,5,6,2,4351
1,1,3,2,5,5,6,1,5972
0,1,3,2,4,5,6,1,3014
1,1,2,3,5,5,6,1,5885
0,1,2,2,4,5,6,1,3257
1,1,3,3,5,5,6,1,4691
0,1,2,3,5,5,6,2,3513
1,1,3,2,4,5,6,1,6101
0,1,3,3,5,5,6,2,3077
0,1,3,2,4,5,6,1,3585
0,1,2,3,4,5,6,1,4250
0,1,2,2,4,5,6,2,3671
1,1,3,2,5,5,6,2,4861
1,1,2,3,5,5,6,1,5236
0,1,3,2,5,5,6,2,4257
1,1,3,3,5,5,6,2,4899
0,1,2,2,4,5,6,1,6979
0,1,2,2,4,5,6,1,4043
0,1,2,3,5,5,6,2,3956
0,1,3,3,5,5,6,1,4187
0,1,2,2,4,5,6,1,6594
0,1,2,2,5,5,6,2,3829
0,1,2,2,4,5,6,1,3837
1,1,3,2,5,5,6,2,4752
0,1,2,3,4,5,6,1,3562
1,1,3,2,5,5,6,2,4734
0,1,3,2,4,5,6,2,3026
1,1,3,2,4,5,6,2,5805
1,1,3,3,4,5,6,2,6410
0,1,2,2,4,5,6,1,3805
1,1,2,2,5,5,6,1,5788
0,1,3,3,4,5,6,2,3154
0,1,3,3,4,5,6,1,3911
0,1,3,3,4,5,6,2,4339
1,1,2,2,4,5,6,1,6092
0,1,3,3,5,5,6,1,6650
0,1,2,3,4,5,6,1,4205
0,1,3,2,4,5,6,2,4347
1,1,2,3,5,5,6,2,5769
1,1,3,3,4,5,6,2,4541
0,1,2,2,5,5,6,2,4227
1,1,3,2,5,5,6,1,5280
0,1,3,3,4,5,6,1,4344
1,1,3,3,4,5,6,2,6287
0,1,2,2,4,5,6,1,6970
0,1,2,3,4,5,6,2,6553
1,1,3,2,4,5,6,2,5642
1,1,3,3,4,5,6,1,4890
0,1,2,3,4,5,6,2,3340
1,1,2,2,4,5,6,2,5124
1,1,3,3,5,5,6,1,4874
1,1,2,2,5,5,6,2,5711
1,1,2,3,4,5,6,1,5044
0,1,2,3,5,5,6,1,4011
1,1,3,3,4,5,6,1,4569
0,1,3,2,4,5,6,2,4156
0,1,3,3,4,5,6,1,6545
0,1,3,2,5,5,6,2,6513
1,1,3,2,5,5,6,1,6409
0,1,3,2,5,5,6,2,3344
1,1,3,3,5,5,6,2,5394
1,1,3,2,5,5,6,2,5552
0,1,3,3,5,5,6,1,3863
1,1,3,2,5,5,6,1,5913
1,1,2,3,5,5,6,2,5881
0,1,3,3,5,5,6,2,3238
1,1,3,2,5,5,6,2,4355
1,1,2,3,5,5,6,2,5451
1,1,2,3,4,5,6,2,4645
0,1,3,3,4,5,6,2,3128
0,1,2,2,4,5,6,1,6521
0,1,3,3,5,5,6,2,6481
0,1,2,3,5,5,6,1,6763
0,1,2,2,5,5,6,2,4124
0,1,3,3,4,5,6,1,3613
0,1,2,3,4,5,6,1,3861
1,1,2,2,5,5,6,2,5630
1,1,3,2,5,5,6,2,5728
0,1,3,3,5,5,6,2,6625
1,1,2,3,4,5,6,1,4727
1,1,3,3,5,5,6,1,5254
1,1,2,2,5,5,6,1,6182
1,1,2,2,4,5,6,1,5588
1,1,3,2,4,5,6,1,4419
0,1,3,3,4,5,6,1,3892
0,1,2,2,4,5,6,1,3138
0,1,3,3,5,5,6,1,4294
1,1,2,3,4,5,6,2,4478
0,1,2,3,4,5,6,2,3987
0,1,2,3,4,5,6,2,3103
1,1,2,2,4,5,6,1,5973
0,1,2,3,5,5,6,2,4346
1,1,3,3,5,5,6,2,5164
1,1,3,2,4,5,6,1,4694
1,1,2,2,5,5,6,2,5130
1,1,2,3,4,5,6,2,4817
1,1,3,3,5,5,6,2,5470
1,1,3,3,5,5,6,1,5694
1,1,2,2,4,5,6,1,4838
1,1,2,2,5,5,6,2,6342
1,1,3,3,5,5,6,2,6352
1,1,2,3,5,5,6,2,5348
0,1,2,2,4,5,6,1,3703
0,1,2,3,5,5,6,2,4299
1,1,2,2,4,5,6,2,5878
1,1,2,3,4,5,6,1,6333
1,1,2,2,4,5,6,1,6251
